{
	"sprite": {
		"bgm_freespin": [0, 69120, true],
		"bgm_main": [71000, 132452.83446712018, true],
		"bgm_winlevel_big": [205000, 8000, true],
		"bgm_winlevel_epic": [214000, 8000, true],
		"bgm_winlevel_max": [223000, 8000, true],
		"bgm_winlevel_mega": [232000, 8000, true],
		"bgm_winlevel_superwin": [241000, 8000, true],
		"jng_intro_fs": [250000, 2002.585034013606],
		"sfx_anticipation": [254000, 7680.5442176871],
		"sfx_anticipation_start": [263000, 1000],
		"sfx_bigwin_coinloop": [265000, 17125.0113378685, true],
		"sfx_btn_general": [284000, 58.66213151927013],
		"sfx_btn_spin": [286000, 1005.5782312925317],
		"sfx_fs_respins": [289000, 4062.49433106575],
		"sfx_multiplier_combine_a": [295000, 1208.843537414964],
		"sfx_multiplier_combine_b": [298000, 1045.8503401360417],
		"sfx_multiplier_explosion_a": [301000, 769.2743764172292],
		"sfx_multiplier_explosion_b": [303000, 2046.643990929681],
		"sfx_multiplier_explosion_c": [307000, 1202.2675736961332],
		"sfx_multiplier_landing": [310000, 999.4784580499072],
		"sfx_multiplier_reset": [312000, 584.4217687075002],
		"sfx_multiplier_up": [314000, 1499.2517006802473],
		"sfx_multiplier_update": [317000, 1607.823129251699],
		"sfx_multiplier_win": [320000, 3791.678004535129],
		"sfx_reel_stop_1": [325000, 243.6281179138291],
		"sfx_reel_stop_2": [327000, 246.6666666666697],
		"sfx_reel_stop_3": [329000, 240.99773242630818],
		"sfx_reel_stop_4": [331000, 241.972789115664],
		"sfx_reel_stop_5": [333000, 239.88662131517913],
		"sfx_royals_landing": [335000, 1199.2290249432926],
		"sfx_scatter_reveal": [338000, 1487.3696145124882],
		"sfx_scatter_stop_1": [341000, 994.8526077097313],
		"sfx_scatter_stop_2": [343000, 1344.7845804988674],
		"sfx_scatter_stop_3": [346000, 1060.521541950095],
		"sfx_scatter_stop_4": [349000, 996.1451247165769],
		"sfx_scatter_stop_5": [351000, 997.5283446711956],
		"sfx_scatter_win": [353000, 1992.970521541963],
		"sfx_scatter_win_v2": [356000, 3670.340136054449],
		"sfx_superfreespin": [361000, 6000],
		"sfx_symbols_landing": [368000, 1202.585034013623],
		"sfx_wild_explode": [371000, 1401.2244897959363],
		"sfx_winlevel_end": [374000, 1998.911564625871],
		"sfx_winlevel_nice": [377000, 1474.2857142857133],
		"sfx_winlevel_small": [380000, 1000.5668934240362],
		"sfx_winlevel_standard": [383000, 1250],
		"sfx_winlevel_substantial": [386000, 2490.317460317442],
		"sfx_youwon_panel": [390000, 2996.689342403613],
		"tumble_win_1": [394000, 996.2358276644068],
		"tumble_win_2": [396000, 1134.671201814058],
		"tumble_win_3": [399000, 1134.8299319727744],
		"tumble_win_4": [402000, 998.8208616779843],
		"tumble_win_5": [404000, 989.6145124716327]
	},
	"src": [
		"./assets/audio/sounds.ogg",
		"./assets/audio/sounds.m4a",
		"./assets/audio/sounds.mp3",
		"./assets/audio/sounds.ac3"
	],
	"config": {
		"bgm_freespin": { "volume": 1 },
		"bgm_main": { "volume": 1 },
		"bgm_winlevel_big": { "volume": 1 },
		"bgm_winlevel_epic": { "volume": 1 },
		"bgm_winlevel_max": { "volume": 1 },
		"bgm_winlevel_mega": { "volume": 1 },
		"bgm_winlevel_superwin": { "volume": 1 },
		"jng_intro_fs": { "volume": 1 },
		"sfx_anticipation": { "volume": 1 },
		"sfx_anticipation_start": { "volume": 1 },
		"sfx_bigwin_coinloop": { "volume": 1 },
		"sfx_btn_general": { "volume": 1 },
		"sfx_btn_spin": { "volume": 1 },
		"sfx_fs_respins": { "volume": 1 },
		"sfx_multiplier_combine_a": { "volume": 1 },
		"sfx_multiplier_combine_b": { "volume": 1 },
		"sfx_multiplier_explosion_a": { "volume": 1 },
		"sfx_multiplier_explosion_b": { "volume": 1 },
		"sfx_multiplier_explosion_c": { "volume": 1 },
		"sfx_multiplier_landing": { "volume": 1 },
		"sfx_multiplier_reset": { "volume": 1 },
		"sfx_multiplier_up": { "volume": 1 },
		"sfx_multiplier_update": { "volume": 1 },
		"sfx_multiplier_win": { "volume": 1 },
		"sfx_reel_stop_1": { "volume": 1 },
		"sfx_reel_stop_2": { "volume": 1 },
		"sfx_reel_stop_3": { "volume": 1 },
		"sfx_reel_stop_4": { "volume": 1 },
		"sfx_reel_stop_5": { "volume": 1 },
		"sfx_royals_landing": { "volume": 1 },
		"sfx_scatter_reveal": { "volume": 1 },
		"sfx_scatter_stop_1": { "volume": 1 },
		"sfx_scatter_stop_2": { "volume": 1 },
		"sfx_scatter_stop_3": { "volume": 1 },
		"sfx_scatter_stop_4": { "volume": 1 },
		"sfx_scatter_stop_5": { "volume": 1 },
		"sfx_scatter_win": { "volume": 1 },
		"sfx_scatter_win_v2": { "volume": 1 },
		"sfx_superfreespin": { "volume": 1 },
		"sfx_symbols_landing": { "volume": 1 },
		"sfx_wild_explode": { "volume": 1 },
		"sfx_winlevel_end": { "volume": 1 },
		"sfx_winlevel_nice": { "volume": 1 },
		"sfx_winlevel_small": { "volume": 1 },
		"sfx_winlevel_standard": { "volume": 1 },
		"sfx_winlevel_substantial": { "volume": 1 },
		"sfx_youwon_panel": { "volume": 1 },
		"tumble_win_1": { "volume": 1 },
		"tumble_win_2": { "volume": 1 },
		"tumble_win_3": { "volume": 1 },
		"tumble_win_4": { "volume": 1 },
		"tumble_win_5": { "volume": 1 }
	}
}
